parent,child,sign
AM011000,AM011100,1
AM011000,AM011200,1
AM010000,AM011000,1
AM010000,AM012000,1
AM010000,AM013000,1
AM010000,AM014000,1
AM010000,AM015000,1
AM010000,AM016000,1
AM010000,AM019000,1
AM021000,AM021100,1
AM021000,AM021200,1
AM021000,AM021300,1
AM021000,AM021900,1
AM020000,AM021000,1
AM020000,AM022000,1
AM020000,AM023000,1
AM020000,AM024000,1
AM020000,AM029000,1
AM030000,AM033000,1
AM030000,AM032000,1
AM030000,AM039000,1
AM040000,AM041000,1
AM040000,AM042000,1
AM060000,AM061000,1
AM060000,AM062000,1
AM060000,AM063000,1
AM060000,AM064000,1
AM060000,AM065000,1
AM100000,AM010000,1
AM100000,AM020000,1
AM100000,AM030000,1
AM100000,AM040000,1
AM100000,AM050000,1
AM100000,AM060000,1
AM100000,AM070000,1
AM100000,AM080000,1
AM100000,AM090000,1
AM110000,AM111000,1
AM110000,AM112000,1
AM110000,AM113000,1
AM110000,AM114000,1
AM110000,AM115000,1
AM110000,AM119000,1
AM120000,AM121000,1
AM120000,AM122000,1
AM120000,AM129000,1
AM130000,AM110000,1
AM130000,AM120000,1
AM140000,AM100000,1
AM140000,AM130000,1
AM160000,AM140000,1
AM160000,AM150000,1
AM170000,AM171000,1
AM170000,AM179000,1
AM180000,AM160000,1
AM180000,AM170000,1
AM206000,AM206011,1
AM206000,AM206012,1
AM206000,AM206020,1
AM200000,AM201000,1
AM200000,AM202000,1
AM200000,AM203000,1
AM200000,AM204000,1
AM200000,AM205000,1
AM200000,AM206000,1
AM200000,AM207000,1
AM200000,AM208000,1
AM200000,AM209100,1
AM200000,AM209200,1
AM200000,AM209900,1
AM260000,AM180000,1
AM260000,AM200000,-1
AM280000,AM260000,1
AM280000,AM270000,-1
AM320000,AM280000,1
AM320000,AM300000,-1
AM320000,AM310000,1
AM330000,AM320000,1
AM330000,AM290000,-1
AM370000,AM330000,1
AM370000,AM340000,-1
AM370000,AM350000,-1
AM370000,AM360000,1
AM240000,AM230000,1
AM240000,AM210000,1
AM250000,AM240000,1
AM250000,AM270000,-1
